cygubicko Steve
aakhmetz	Andrei R. Akhmetzhanov
bbolker	Ben Bolker
davidchampredon	David Champredon
davidearn	David Earn
dushoff	Jonathan Dushoff
fishforwish	fishforwish
JCSzamosi	JCSzamosi
morgankain	Morgan Kain
parksw3	Sang Woo Park
wzmli	wzmli Mike
queezzz	Queenie
Apeirogons Matthew
aligharouni Ali
ZachLevine-11 Zach
